<?xml version="1.0" encoding="utf-16"?>
<Products>
  <Product>
    <name>TRAMADOL HYDROCHLORIDE</name>
    <price>516.48</price>
  </Product>
  <Product>
    <name>TRAMADOL HYDROCHLORIDE</name>
    <price>516.48</price>
  </Product>
  <Product>
    <name>Allopurinol</name>
    <price>518.50</price>
    <buyer>Wallas Duffyn</buyer>
  </Product>
  <Product>
    <name>Allopurinol</name>
    <price>518.50</price>
    <buyer>Wallas Duffyn</buyer>
  </Product>
  <Product>
    <name>Parsley</name>
    <price>519.06</price>
    <buyer>Brendin Predohl</buyer>
  </Product>
  <Product>
    <name>Parsley</name>
    <price>519.06</price>
    <buyer>Brendin Predohl</buyer>
  </Product>
  <Product>
    <name>equaline</name>
    <price>520.45</price>
    <buyer>Dannie Camellini</buyer>
  </Product>
  <Product>
    <name>equaline</name>
    <price>520.45</price>
    <buyer>Dannie Camellini</buyer>
  </Product>
  <Product>
    <name>Extra Strength Pain Reliever PM</name>
    <price>542.72</price>
    <buyer>Wendel Stannering</buyer>
  </Product>
  <Product>
    <name>Extra Strength Pain Reliever PM</name>
    <price>542.72</price>
    <buyer>Wendel Stannering</buyer>
  </Product>
</Products>